id,title,content,user_id
1,user1_journal1,This is the content of journal1_1,1
2,user1_journal2,This is the content of journal1_2,1
3,user1_journal3,This is the content of journal1_3,1
4,user1_journal4,This is the content of journal1_4,1
5,user1_journal5,This is the content of journal1_5,1
6,user1_journal6,This is the content of journal1_6,1
7,user1_journal7,This is the content of journal1_7,1
8,user1_journal8,This is the content of journal1_8,1
9,user1_journal9,This is the content of journal1_9,1
10,user1_journal10,This is the content of journal1_10,1
11,user2_journal1,This is the content of journal2_1,2
12,user2_journal2,This is the content of journal2_2,2
13,user2_journal3,This is the content of journal2_3,2
14,user2_journal4,This is the content of journal2_4,2
15,user2_journal5,This is the content of journal2_5,2
16,user2_journal6,This is the content of journal2_6,2
17,user2_journal7,This is the content of journal2_7,2
18,user2_journal8,This is the content of journal2_8,2
19,user2_journal9,This is the content of journal2_9,2
20,user3_journal1,This is the content of journal3_1,3
21,user3_journal2,This is the content of journal3_2,3
22,user3_journal3,This is the content of journal3_3,3
23,user3_journal4,This is the content of journal3_4,3
24,user3_journal5,This is the content of journal3_5,3
25,user3_journal6,This is the content of journal3_6,3
26,user3_journal7,This is the content of journal3_7,3
27,user3_journal8,This is the content of journal3_8,3
28,user4_journal1,This is the content of journal4_1,4
29,user4_journal2,This is the content of journal4_2,4
30,user4_journal3,This is the content of journal4_3,4
31,user4_journal4,This is the content of journal4_4,4
32,user4_journal5,This is the content of journal4_5,4
33,user4_journal6,This is the content of journal4_6,4
34,user4_journal7,This is the content of journal4_7,4
35,user5_journal1,This is the content of journal5_1,5
36,user5_journal2,This is the content of journal5_2,5
36,user5_journal3,This is the content of journal5_3,5
37,user5_journal4,This is the content of journal5_4,5
38,user5_journal5,This is the content of journal5_5,5
39,user5_journal6,This is the content of journal5_6,5
40,user6_journal1,This is the content of journal6_1,6
41,user6_journal2,This is the content of journal6_2,6
42,user6_journal3,This is the content of journal6_3,6
43,user6_journal4,This is the content of journal6_4,6
43,user6_journal5,This is the content of journal6_5,6
44,user7_journal1,This is the content of journal7_1,7
45,user7_journal2,This is the content of journal7_2,7
46,user7_journal3,This is the content of journal7_3,7
47,user7_journal4,This is the content of journal7_4,7
48,user8_journal1,This is the content of journal8_1,8
49,user8_journal2,This is the content of journal8_2,8
50,user8_journal3,This is the content of journal8_3,8
51,user9_journal1,This is the content of journal9_1,9
52,user9_journal2,This is the content of journal9_2,9
53,user10_journal1,This is the content of journal10_1,10
